{
	"credit": "Made with Blockbench",
	"textures": {
		"0": "tardis:items/sonic/texture5",
		"1": "tardis:items/sonic/texture",
		"2": "tardis:items/sonic/texture2",
		"3": "tardis:items/sonic/texture3",
		"4": "tardis:items/sonic/texture4",
		"particle": "tardis:items/sonic/texture4"
	},
	"elements": [
		{
			"from": [6, 15, 6],
			"to": [7, 30, 7],
			"faces": {
				"north": {"uv": [0, 0, 1, 15], "texture": "#3"},
				"east": {"uv": [0, 0, 1, 15], "texture": "#3"},
				"south": {"uv": [0, 0, 1, 15], "texture": "#3"},
				"west": {"uv": [0, 0, 1, 15], "texture": "#3"},
				"up": {"uv": [0, 0, 1, 1], "texture": "#3"},
				"down": {"uv": [0, 0, 1, 1], "texture": "#3"}
			}
		},
		{
			"from": [6, 29, 6],
			"to": [10, 30, 10],
			"faces": {
				"north": {"uv": [0, 0, 4, 1], "texture": "#1"},
				"east": {"uv": [0, 0, 4, 1], "texture": "#1"},
				"south": {"uv": [0, 0, 4, 1], "texture": "#1"},
				"west": {"uv": [0, 0, 4, 1], "texture": "#1"},
				"up": {"uv": [0, 0, 4, 4], "texture": "#1"},
				"down": {"uv": [0, 0, 4, 4], "texture": "#1"}
			}
		},
		{
			"from": [7, 30, 7],
			"to": [9, 32, 9],
			"faces": {
				"north": {"uv": [0, 0, 2, 2], "texture": "#4"},
				"east": {"uv": [0, 0, 2, 2], "texture": "#4"},
				"south": {"uv": [0, 0, 2, 2], "texture": "#4"},
				"west": {"uv": [0, 0, 2, 2], "texture": "#4"},
				"up": {"uv": [0, 0, 2, 2], "texture": "#4"},
				"down": {"uv": [0, 0, 2, 2], "texture": "#4"}
			}
		},
		{
			"from": [6, 15, 9],
			"to": [7, 30, 10],
			"faces": {
				"north": {"uv": [0, 0, 1, 15], "texture": "#3"},
				"east": {"uv": [0, 0, 1, 15], "texture": "#3"},
				"south": {"uv": [0, 0, 1, 15], "texture": "#3"},
				"west": {"uv": [0, 0, 1, 15], "texture": "#3"},
				"up": {"uv": [0, 0, 1, 1], "texture": "#3"},
				"down": {"uv": [0, 0, 1, 1], "texture": "#3"}
			}
		},
		{
			"from": [9, 15, 6],
			"to": [10, 30, 7],
			"faces": {
				"north": {"uv": [0, 0, 1, 15], "texture": "#3"},
				"east": {"uv": [0, 0, 1, 15], "texture": "#3"},
				"south": {"uv": [0, 0, 1, 15], "texture": "#3"},
				"west": {"uv": [0, 0, 1, 15], "texture": "#3"},
				"up": {"uv": [0, 0, 1, 1], "texture": "#3"},
				"down": {"uv": [0, 0, 1, 1], "texture": "#3"}
			}
		},
		{
			"from": [9, 15, 9],
			"to": [10, 30, 10],
			"faces": {
				"north": {"uv": [0, 0, 1, 15], "texture": "#3"},
				"east": {"uv": [0, 0, 1, 15], "texture": "#3"},
				"south": {"uv": [0, 0, 1, 15], "texture": "#3"},
				"west": {"uv": [0, 0, 1, 15], "texture": "#3"},
				"up": {"uv": [0, 0, 1, 1], "texture": "#3"},
				"down": {"uv": [0, 0, 1, 1], "texture": "#3"}
			}
		},
		{
			"from": [6, 0, 6],
			"to": [10, 2, 10],
			"faces": {
				"north": {"uv": [0, 0, 2, 1], "texture": "#1"},
				"east": {"uv": [0, 0, 2, 1], "texture": "#1"},
				"south": {"uv": [0, 0, 2, 1], "texture": "#1"},
				"west": {"uv": [0, 0, 2, 1], "texture": "#1"},
				"up": {"uv": [0, 0, 2, 1], "texture": "#1"},
				"down": {"uv": [0, 0, 2, 1], "texture": "#1"}
			}
		},
		{
			"from": [5, 2, 5],
			"to": [11, 15, 11],
			"faces": {
				"north": {"uv": [0, 0, 6, 13], "texture": "#0"},
				"east": {"uv": [0, 0, 6, 13], "texture": "#0"},
				"south": {"uv": [0, 0, 6, 13], "texture": "#0"},
				"west": {"uv": [0, 0, 6, 13], "texture": "#0"},
				"up": {"uv": [0, 0, 6, 6], "texture": "#0"},
				"down": {"uv": [0, 0, 6, 6], "texture": "#0"}
			}
		},
		{
			"from": [7, 15, 7],
			"to": [9, 30, 9],
			"faces": {
				"north": {"uv": [0, 0, 2, 15], "texture": "#2"},
				"east": {"uv": [0, 0, 2, 15], "texture": "#2"},
				"south": {"uv": [0, 0, 2, 15], "texture": "#2"},
				"west": {"uv": [0, 0, 2, 15], "texture": "#2"},
				"up": {"uv": [0, 0, 2, 2], "texture": "#2"},
				"down": {"uv": [0, 0, 2, 2], "texture": "#2"}
			}
		}
	],
	"display": {
		"thirdperson_righthand": {
			"scale": [0.175, 0.225, 0.175],
			"translation": [-0.5, 0.5, 2],
			"rotation": [40, -34, 25]
		},
		"thirdperson_lefthand": {
			"scale": [0.125, 0.2, 0.175],
			"rotation": [7, -12, -1],
			"translation": [-0.5, 0, 1]
		},
		"firstperson_righthand": {
			"scale": [0.45, 0.45, 0.45],
			"rotation": [-19, -60, 4],
			"translation": [4.5, -1, -3.5]
		},
		"firstperson_lefthand": {
			"scale": [0.425, 0.425, 0.4],
			"rotation": [-19, -60, 4],
			"translation": [4.5, -1, -3.5]
		},
		"ground": {
			"scale": [0.175, 0.2, 0.175],
			"rotation": [20, -47, 7],
			"translation": [-0.5, -1.5, 1]
		},
		"fixed": {
			"scale": [0.425, 0.475, 0.4],
			"rotation": [0, 1, 25],
			"translation": [1.5, -3, -0.5]
		},
		"gui": {
			"scale": [0.45, 0.475, 0.475],
			"rotation": [-1, -28, -15],
			"translation": [-0.5, -3.5, 0.5]
		}
	},
	"groups": [
		{
			"name": "sonic",
			"shade": true,
			"display": {
				"visibility": true,
				"autouv": true
			},
			"children": [0, 1, 2, 3, 4, 5, 6, 7, 8]
		}
	]
}