{
	"credit": "Made with Blockbench",
	"texture_size": [128, 128],
	"textures": {
		"0": "tardis:entity/tardis"
	},
	"elements": [
		{
			"name": "Base",
			"from": [-4, -16, -4],
			"to": [20, -14, 20],
			"faces": {
				"north": {"uv": [0, 0.75, 0.375, 1.125], "texture": "#0"},
				"east": {"uv": [0, 0.75, 0.375, 1.125], "texture": "#0"},
				"south": {"uv": [4.5, 0.875, 7.5, 1.125], "texture": "#0"},
				"west": {"uv": [0, 0.75, 0.375, 1.125], "texture": "#0"},
				"up": {"uv": [0.375, 1.125, 0, 0.75], "texture": "#0"},
				"down": {"uv": [0.375, 0.75, 0, 1.125], "texture": "#0"}
			}
		},
		{
			"name": "Detail1",
			"from": [-1.5, -14, -1.5],
			"to": [17.5, -12, 17.5],
			"faces": {
				"north": {"uv": [3, 15.75, 5.375, 16], "texture": "#0"},
				"east": {"uv": [0.625, 15.75, 3, 16], "texture": "#0"},
				"south": {"uv": [7.75, 15.75, 10.125, 16], "texture": "#0"},
				"west": {"uv": [5.375, 15.75, 7.75, 16], "texture": "#0"},
				"up": {"uv": [5.375, 15.75, 3, 13.375], "texture": "#0"},
				"down": {"uv": [7.75, 13.375, 5.375, 15.75], "texture": "#0"}
			}
		},
		{
			"name": "Detail2",
			"from": [-1.5, -4, -1.5],
			"to": [17.5, -3, 17.5],
			"faces": {
				"north": {"uv": [3, 15.875, 5.375, 16], "texture": "#0"},
				"east": {"uv": [0.625, 15.875, 3, 16], "texture": "#0"},
				"south": {"uv": [7.75, 15.875, 10.125, 16], "texture": "#0"},
				"west": {"uv": [5.375, 15.875, 7.75, 16], "texture": "#0"},
				"up": {"uv": [5.375, 15.875, 3, 13.5], "texture": "#0"},
				"down": {"uv": [7.75, 13.5, 5.375, 15.875], "texture": "#0"}
			}
		},
		{
			"name": "Detail3",
			"from": [-1.5, 5, -1.5],
			"to": [17.5, 6, 17.5],
			"faces": {
				"north": {"uv": [3, 15.875, 5.375, 16], "texture": "#0"},
				"east": {"uv": [0.625, 15.875, 3, 16], "texture": "#0"},
				"south": {"uv": [7.75, 15.875, 10.125, 16], "texture": "#0"},
				"west": {"uv": [5.375, 15.875, 7.75, 16], "texture": "#0"},
				"up": {"uv": [5.375, 15.875, 3, 13.5], "texture": "#0"},
				"down": {"uv": [7.75, 13.5, 5.375, 15.875], "texture": "#0"}
			}
		},
		{
			"name": "Detail4",
			"from": [-1.5, 14, -1.5],
			"to": [17.5, 15, 17.5],
			"faces": {
				"north": {"uv": [3, 15.875, 5.375, 16], "texture": "#0"},
				"east": {"uv": [0.625, 15.875, 3, 16], "texture": "#0"},
				"south": {"uv": [7.75, 15.875, 10.125, 16], "texture": "#0"},
				"west": {"uv": [5.375, 15.875, 7.75, 16], "texture": "#0"},
				"up": {"uv": [5.375, 15.875, 3, 13.5], "texture": "#0"},
				"down": {"uv": [7.75, 13.5, 5.375, 15.875], "texture": "#0"}
			}
		},
		{
			"name": "Detail5",
			"from": [6.5, -14, -1.5],
			"to": [9.5, 24, 17.5],
			"faces": {
				"north": {"uv": [13.5, 2.5, 13.875, 6.75], "texture": "#0"},
				"east": {"uv": [0.625, 11.75, 3, 16], "texture": "#0"},
				"south": {"uv": [5.75, 11.75, 6.125, 16], "texture": "#0"},
				"west": {"uv": [3.375, 11.75, 5.75, 16], "texture": "#0"},
				"up": {"uv": [3.375, 11.75, 3, 9.375], "texture": "#0"},
				"down": {"uv": [3.75, 9.375, 3.375, 11.75], "texture": "#0"}
			}
		},
		{
			"name": "Detail6",
			"from": [7.5, -14, -2],
			"to": [8.5, 22, 18],
			"faces": {
				"north": {"uv": [3.125, 11.5, 3.25, 16], "texture": "#0"},
				"east": {"uv": [0.625, 11.5, 3.125, 16], "texture": "#0"},
				"south": {"uv": [5.75, 11.5, 5.875, 16], "texture": "#0"},
				"west": {"uv": [3.25, 11.5, 5.75, 16], "texture": "#0"},
				"up": {"uv": [3.25, 11.5, 3.125, 9], "texture": "#0"},
				"down": {"uv": [3.375, 9, 3.25, 11.5], "texture": "#0"}
			}
		},
		{
			"name": "Detail7",
			"from": [-2, -14, 7.5],
			"to": [18, 22, 8.5],
			"faces": {
				"north": {"uv": [0.75, 11.5, 3.25, 16], "texture": "#0"},
				"east": {"uv": [0.625, 11.5, 0.75, 16], "texture": "#0"},
				"south": {"uv": [3.375, 11.5, 5.875, 16], "texture": "#0"},
				"west": {"uv": [3.25, 11.5, 3.375, 16], "texture": "#0"},
				"up": {"uv": [3.25, 11.5, 0.75, 11.375], "texture": "#0"},
				"down": {"uv": [5.75, 11.375, 3.25, 11.5], "texture": "#0"}
			}
		},
		{
			"name": "Detail8",
			"from": [-1.5, -14, 6.5],
			"to": [17.5, 22, 9.5],
			"faces": {
				"north": {"uv": [0.875, 11.5, 3.25, 16], "texture": "#0"},
				"east": {"uv": [0.5, 11.5, 0.875, 16], "texture": "#0"},
				"south": {"uv": [3.625, 11.5, 6, 16], "texture": "#0"},
				"west": {"uv": [3.25, 11.5, 3.625, 16], "texture": "#0"},
				"up": {"uv": [3.25, 11.5, 0.875, 11.125], "texture": "#0"},
				"down": {"uv": [5.625, 11.125, 3.25, 11.5], "texture": "#0"}
			}
		},
		{
			"name": "Corner2",
			"from": [16, -14, -1.5],
			"to": [17.5, 22, 0],
			"rotation": {"angle": 0, "axis": "y", "origin": [22, 10.5, -20]},
			"faces": {
				"north": {"uv": [0.125, 11.4375, 0.25, 15.9375], "texture": "#0"},
				"east": {"uv": [0, 11.4375, 0.125, 15.9375], "texture": "#0"},
				"south": {"uv": [0.375, 11.4375, 0.5, 15.9375], "texture": "#0"},
				"west": {"uv": [0.25, 11.4375, 0.375, 15.9375], "texture": "#0"},
				"up": {"uv": [0.25, 11.4375, 0.125, 11.3125], "texture": "#0"},
				"down": {"uv": [0.375, 11.3125, 0.25, 11.4375], "texture": "#0"}
			}
		},
		{
			"name": "Corner3",
			"from": [-1.5, -14, -1.5],
			"to": [0, 22, 0],
			"rotation": {"angle": 0, "axis": "y", "origin": [22, 10.5, -20]},
			"faces": {
				"north": {"uv": [0.125, 11.4375, 0.25, 15.9375], "texture": "#0"},
				"east": {"uv": [0, 11.4375, 0.125, 15.9375], "texture": "#0"},
				"south": {"uv": [0.375, 11.4375, 0.5, 15.9375], "texture": "#0"},
				"west": {"uv": [0.25, 11.4375, 0.375, 15.9375], "texture": "#0"},
				"up": {"uv": [0.25, 11.4375, 0.125, 11.3125], "texture": "#0"},
				"down": {"uv": [0.375, 11.3125, 0.25, 11.4375], "texture": "#0"}
			}
		},
		{
			"name": "Corner4",
			"from": [16, -14, 16],
			"to": [17.5, 22, 17.5],
			"rotation": {"angle": 0, "axis": "y", "origin": [22, 10.5, -20]},
			"faces": {
				"north": {"uv": [0.125, 11.4375, 0.25, 15.9375], "texture": "#0"},
				"east": {"uv": [0, 11.4375, 0.125, 15.9375], "texture": "#0"},
				"south": {"uv": [0.375, 11.4375, 0.5, 15.9375], "texture": "#0"},
				"west": {"uv": [0.25, 11.4375, 0.375, 15.9375], "texture": "#0"},
				"up": {"uv": [0.25, 11.4375, 0.125, 11.3125], "texture": "#0"},
				"down": {"uv": [0.375, 11.3125, 0.25, 11.4375], "texture": "#0"}
			}
		},
		{
			"name": "Corner5",
			"from": [-1.5, -14, 16],
			"to": [0, 22, 17.5],
			"rotation": {"angle": 0, "axis": "y", "origin": [22, 10.5, -20]},
			"faces": {
				"north": {"uv": [0.125, 11.4375, 0.25, 15.9375], "texture": "#0"},
				"east": {"uv": [0, 11.4375, 0.125, 15.9375], "texture": "#0"},
				"south": {"uv": [0.375, 11.4375, 0.5, 15.9375], "texture": "#0"},
				"west": {"uv": [0.25, 11.4375, 0.375, 15.9375], "texture": "#0"},
				"up": {"uv": [0.25, 11.4375, 0.125, 11.3125], "texture": "#0"},
				"down": {"uv": [0.375, 11.3125, 0.25, 11.4375], "texture": "#0"}
			}
		},
		{
			"name": "Top1",
			"from": [-3, 22, -3],
			"to": [19, 24, 19],
			"faces": {
				"north": {"uv": [0, 0.75, 0.125, 0.875], "texture": "#0"},
				"east": {"uv": [0, 0.75, 0.125, 1], "texture": "#0"},
				"south": {"uv": [0, 0.75, 0.125, 0.875], "texture": "#0"},
				"west": {"uv": [0, 0.75, 0.125, 0.875], "texture": "#0"},
				"up": {"uv": [0, 0.75, 0.125, 0.875], "texture": "#0"},
				"down": {"uv": [8.25, 54, 5.5, 56.75], "texture": "#0"}
			}
		},
		{
			"name": "Top2",
			"from": [-2, 24, -2],
			"to": [18, 26, 18],
			"faces": {
				"north": {"uv": [0, 0.75, 0.5, 1.25], "texture": "#0"},
				"east": {"uv": [0, 0.875, 0, 1.125], "texture": "#0"},
				"south": {"uv": [0, 1.125, 2.5, 1.375], "texture": "#0"},
				"west": {"uv": [0, 0.875, 2.5, 1.125], "texture": "#0"},
				"up": {"uv": [0, 1.625, 0.875, 0.875], "texture": "#0"},
				"down": {"uv": [7.5, 54, 5, 56.5], "texture": "#0"}
			}
		},
		{
			"name": "Top3",
			"from": [-1, 26, -1],
			"to": [17, 28, 17],
			"faces": {
				"north": {"uv": [0, 1, 0.375, 1.375], "texture": "#0"},
				"east": {"uv": [0, 0.875, 2.25, 1.125], "texture": "#0"},
				"south": {"uv": [0, 1.125, 2.25, 1.375], "texture": "#0"},
				"west": {"uv": [0, 0.875, 2.25, 1.125], "texture": "#0"},
				"up": {"uv": [0, 0.875, 0.625, 1.375], "texture": "#0"},
				"down": {"uv": [6.75, 54, 4.5, 56.25], "texture": "#0"}
			}
		},
		{
			"name": "Top4",
			"from": [-2, 22.2, -3.5],
			"to": [18, 23.7, 19.5],
			"faces": {
				"north": {"uv": [4.375, 0.125, 11, 0.625], "texture": "#0"},
				"east": {"uv": [4.375, 0.125, 11, 0.625], "texture": "#0"},
				"south": {"uv": [4.375, 0.125, 11, 0.625], "texture": "#0"},
				"west": {"uv": [0, 0, 2.875, 0.125], "texture": "#0"},
				"up": {"uv": [0.125, 0.125, 0, 0], "texture": "#0"},
				"down": {"uv": [0.125, 0, 0, 0.125], "texture": "#0"}
			}
		},
		{
			"name": "Top5",
			"from": [-3.5, 22.2, -2],
			"to": [19.5, 23.7, 18],
			"faces": {
				"north": {"uv": [1.125, 0.125, 4, 0.25], "texture": "#0"},
				"east": {"uv": [4.375, 0.125, 11, 0.625], "texture": "#0"},
				"south": {"uv": [1.125, 0.375, 4, 0.5], "texture": "#0"},
				"west": {"uv": [4.375, 0.125, 11, 0.625], "texture": "#0"},
				"up": {"uv": [0.75, 0.625, 0, 0], "texture": "#0"},
				"down": {"uv": [0.75, 0, 0, 0.5], "texture": "#0"}
			}
		},
		{
			"name": "octagon",
			"from": [7.58579, 28, 7],
			"to": [8.41421, 31, 9],
			"rotation": {"angle": 45, "axis": "y", "origin": [8, 30, 8]},
			"faces": {
				"north": {"uv": [0.25, 1.875, 0.25, 2.25], "texture": "#0"},
				"east": {"uv": [0, 1.875, 0.25, 2.25], "texture": "#0"},
				"south": {"uv": [0.5, 1.875, 0.5, 2.25], "texture": "#0"},
				"west": {"uv": [0.25, 1.875, 0.5, 2.25], "texture": "#0"},
				"up": {"uv": [0.25, 1.875, 0.25, 1.625], "texture": "#0"},
				"down": {"uv": [0.25, 1.625, 0.25, 1.875], "texture": "#0"}
			}
		},
		{
			"name": "octagon",
			"from": [7.58579, 28, 7],
			"to": [8.41421, 31, 9],
			"rotation": {"angle": 0, "axis": "y", "origin": [8, 30, 8]},
			"faces": {
				"north": {"uv": [0.25, 2.625, 0.25, 3], "texture": "#0"},
				"east": {"uv": [0, 2.625, 0.25, 3], "texture": "#0"},
				"south": {"uv": [0.5, 1.875, 0.5, 2.25], "texture": "#0"},
				"west": {"uv": [0.25, 1.875, 0.5, 2.25], "texture": "#0"},
				"up": {"uv": [0.25, 1.875, 0.25, 1.625], "texture": "#0"},
				"down": {"uv": [0.25, 1.625, 0.25, 1.875], "texture": "#0"}
			}
		},
		{
			"name": "octagon",
			"from": [7, 28, 7.58579],
			"to": [9, 31, 8.41421],
			"rotation": {"angle": 45, "axis": "y", "origin": [8, 30, 8]},
			"faces": {
				"north": {"uv": [0, 1.875, 0.25, 2.25], "texture": "#0"},
				"east": {"uv": [0, 2.625, 0.25, 3], "texture": "#0"},
				"south": {"uv": [0.25, 1.875, 0.5, 2.25], "texture": "#0"},
				"west": {"uv": [0.25, 1.875, 0.25, 2.25], "texture": "#0"},
				"up": {"uv": [0.25, 1.875, 0, 1.875], "texture": "#0"},
				"down": {"uv": [0.5, 1.875, 0.25, 1.875], "texture": "#0"}
			}
		},
		{
			"name": "octagon",
			"from": [7, 28, 7.58579],
			"to": [9, 31, 8.41421],
			"rotation": {"angle": 0, "axis": "y", "origin": [8, 30, 8]},
			"faces": {
				"north": {"uv": [0, 1.875, 0.25, 2.25], "texture": "#0"},
				"east": {"uv": [0, 1.875, 0, 2.25], "texture": "#0"},
				"south": {"uv": [0.25, 1.875, 0.5, 2.25], "texture": "#0"},
				"west": {"uv": [0.25, 1.875, 0.25, 2.25], "texture": "#0"},
				"up": {"uv": [0.25, 1.875, 0, 1.875], "texture": "#0"},
				"down": {"uv": [0.5, 1.875, 0.25, 1.875], "texture": "#0"}
			}
		},
		{
			"name": "octagon",
			"from": [7.48223, 31, 6.75],
			"to": [8.51777, 32, 9.25],
			"rotation": {"angle": 45, "axis": "y", "origin": [8, 32, 8]},
			"faces": {
				"north": {"uv": [2, 2.25, 2.125, 2.375], "texture": "#0"},
				"east": {"uv": [1.875, 1.875, 2.125, 2], "texture": "#0"},
				"south": {"uv": [2.375, 2.125, 2.5, 2.25], "texture": "#0"},
				"west": {"uv": [2.125, 2.125, 2.375, 2.25], "texture": "#0"},
				"up": {"uv": [2.125, 2.25, 2, 2], "texture": "#0"},
				"down": {"uv": [2.125, 2, 2, 2.25], "texture": "#0"}
			}
		},
		{
			"name": "octagon",
			"from": [7.48223, 31, 6.75],
			"to": [8.51777, 32, 9.25],
			"rotation": {"angle": 0, "axis": "y", "origin": [8, 32, 8]},
			"faces": {
				"north": {"uv": [2, 2.25, 2.125, 2.375], "texture": "#0"},
				"east": {"uv": [1.875, 1.875, 2.125, 2], "texture": "#0"},
				"south": {"uv": [2.375, 2.125, 2.5, 2.25], "texture": "#0"},
				"west": {"uv": [2.125, 2.125, 2.375, 2.25], "texture": "#0"},
				"up": {"uv": [2.125, 2.25, 2, 2], "texture": "#0"},
				"down": {"uv": [2.125, 2, 2, 2.25], "texture": "#0"}
			}
		},
		{
			"name": "octagon",
			"from": [6.75, 31, 7.48223],
			"to": [9.25, 32, 8.51777],
			"rotation": {"angle": 45, "axis": "y", "origin": [8, 32, 8]},
			"faces": {
				"north": {"uv": [1.875, 2.25, 2.125, 2.375], "texture": "#0"},
				"east": {"uv": [1.875, 1.875, 2, 2], "texture": "#0"},
				"south": {"uv": [2.25, 2.125, 2.5, 2.25], "texture": "#0"},
				"west": {"uv": [2.125, 2.125, 2.25, 2.25], "texture": "#0"},
				"up": {"uv": [2.125, 2.25, 1.875, 2.125], "texture": "#0"},
				"down": {"uv": [2.25, 2.125, 2, 2.25], "texture": "#0"}
			}
		},
		{
			"name": "octagon",
			"from": [6.75, 31, 7.48223],
			"to": [9.25, 32, 8.51777],
			"rotation": {"angle": 0, "axis": "y", "origin": [8, 32, 8]},
			"faces": {
				"north": {"uv": [1.875, 2.25, 2.125, 2.375], "texture": "#0"},
				"east": {"uv": [1.875, 1.875, 2, 2], "texture": "#0"},
				"south": {"uv": [2.25, 2.125, 2.5, 2.25], "texture": "#0"},
				"west": {"uv": [2.125, 2.125, 2.25, 2.25], "texture": "#0"},
				"up": {"uv": [2.125, 2.25, 1.875, 2.125], "texture": "#0"},
				"down": {"uv": [2.25, 2.125, 2, 2.25], "texture": "#0"}
			}
		},
		{
			"name": "octagon",
			"from": [7.48223, 28, 6.75],
			"to": [8.51777, 29, 9.25],
			"rotation": {"angle": 45, "axis": "y", "origin": [8, 29, 8]},
			"faces": {
				"north": {"uv": [2, 2.125, 2.125, 2.25], "texture": "#0"},
				"east": {"uv": [1.875, 1.875, 2.125, 2], "texture": "#0"},
				"south": {"uv": [2.375, 2.125, 2.5, 2.25], "texture": "#0"},
				"west": {"uv": [2.125, 2.125, 2.375, 2.25], "texture": "#0"},
				"up": {"uv": [2.125, 2.25, 2, 2], "texture": "#0"},
				"down": {"uv": [2.125, 2, 2, 2.25], "texture": "#0"}
			}
		},
		{
			"name": "octagon",
			"from": [7.48223, 28, 6.75],
			"to": [8.51777, 29, 9.25],
			"rotation": {"angle": 0, "axis": "y", "origin": [8, 29, 8]},
			"faces": {
				"north": {"uv": [2, 2.125, 2.125, 2.25], "texture": "#0"},
				"east": {"uv": [1.875, 1.875, 2.125, 2], "texture": "#0"},
				"south": {"uv": [2.375, 2.125, 2.5, 2.25], "texture": "#0"},
				"west": {"uv": [2.125, 2.125, 2.375, 2.25], "texture": "#0"},
				"up": {"uv": [2.125, 2.25, 2, 2], "texture": "#0"},
				"down": {"uv": [2.125, 2, 2, 2.25], "texture": "#0"}
			}
		},
		{
			"name": "octagon",
			"from": [6.75, 28, 7.48223],
			"to": [9.25, 29, 8.51777],
			"rotation": {"angle": 45, "axis": "y", "origin": [8, 29, 8]},
			"faces": {
				"north": {"uv": [1.875, 2.125, 2.125, 2.25], "texture": "#0"},
				"east": {"uv": [1.875, 1.875, 2, 2], "texture": "#0"},
				"south": {"uv": [2.25, 2.125, 2.5, 2.25], "texture": "#0"},
				"west": {"uv": [2.125, 2.125, 2.25, 2.25], "texture": "#0"},
				"up": {"uv": [2.125, 2.25, 1.875, 2.125], "texture": "#0"},
				"down": {"uv": [2.25, 2.125, 2, 2.25], "texture": "#0"}
			}
		},
		{
			"name": "octagon",
			"from": [6.75, 28, 7.48223],
			"to": [9.25, 29, 8.51777],
			"rotation": {"angle": 0, "axis": "y", "origin": [8, 29, 8]},
			"faces": {
				"north": {"uv": [1.875, 2.125, 2.125, 2.25], "texture": "#0"},
				"east": {"uv": [1.875, 1.875, 2, 2], "texture": "#0"},
				"south": {"uv": [2.25, 2.125, 2.5, 2.25], "texture": "#0"},
				"west": {"uv": [2.125, 2.125, 2.25, 2.25], "texture": "#0"},
				"up": {"uv": [2.125, 2.25, 1.875, 2.125], "texture": "#0"},
				"down": {"uv": [2.25, 2.125, 2, 2.25], "texture": "#0"}
			}
		},
		{
			"name": "Corner1",
			"from": [17, -14, -3],
			"to": [19, 22, -1],
			"rotation": {"angle": 0, "axis": "y", "origin": [22, 10.5, -20]},
			"faces": {
				"north": {"uv": [0.25, 11.5, 0.5, 16], "texture": "#0"},
				"east": {"uv": [0, 11.5, 0.25, 16], "texture": "#0"},
				"south": {"uv": [0.75, 11.5, 1, 16], "texture": "#0"},
				"west": {"uv": [0.5, 11.5, 0.75, 16], "texture": "#0"},
				"up": {"uv": [0.5, 11.5, 0.25, 11.25], "texture": "#0"},
				"down": {"uv": [0.75, 11.25, 0.5, 11.5], "texture": "#0"}
			}
		},
		{
			"name": "Corner2",
			"from": [-3, -14, -3],
			"to": [-1, 22, -1],
			"rotation": {"angle": 0, "axis": "y", "origin": [22, 10.5, -20]},
			"faces": {
				"north": {"uv": [0.25, 11.5, 0.5, 16], "texture": "#0"},
				"east": {"uv": [0, 11.5, 0.25, 16], "texture": "#0"},
				"south": {"uv": [0.75, 11.5, 1, 16], "texture": "#0"},
				"west": {"uv": [0.5, 11.5, 0.75, 16], "texture": "#0"},
				"up": {"uv": [0.5, 11.5, 0.25, 11.25], "texture": "#0"},
				"down": {"uv": [0.75, 11.25, 0.5, 11.5], "texture": "#0"}
			}
		},
		{
			"name": "Corner3",
			"from": [17, -14, 17],
			"to": [19, 22, 19],
			"rotation": {"angle": 0, "axis": "y", "origin": [22, 10.5, -20]},
			"faces": {
				"north": {"uv": [0.25, 11.5, 0.5, 16], "texture": "#0"},
				"east": {"uv": [0, 11.5, 0.25, 16], "texture": "#0"},
				"south": {"uv": [0.75, 11.5, 1, 16], "texture": "#0"},
				"west": {"uv": [0.5, 11.5, 0.75, 16], "texture": "#0"},
				"up": {"uv": [0.5, 11.5, 0.25, 11.25], "texture": "#0"},
				"down": {"uv": [0.75, 11.25, 0.5, 11.5], "texture": "#0"}
			}
		},
		{
			"name": "Corner4",
			"from": [-3, -14, 17],
			"to": [-1, 22, 19],
			"rotation": {"angle": 0, "axis": "y", "origin": [22, 10.5, -20]},
			"faces": {
				"north": {"uv": [0.25, 11.5, 0.5, 16], "texture": "#0"},
				"east": {"uv": [0, 11.5, 0.25, 16], "texture": "#0"},
				"south": {"uv": [0.75, 11.5, 1, 16], "texture": "#0"},
				"west": {"uv": [0.5, 11.5, 0.75, 16], "texture": "#0"},
				"up": {"uv": [0.5, 11.5, 0.25, 11.25], "texture": "#0"},
				"down": {"uv": [0.75, 11.25, 0.5, 11.5], "texture": "#0"}
			}
		},
		{
			"name": "Center",
			"from": [-1, -14, -1],
			"to": [17, 22, 17],
			"shade": false,
			"rotation": {"angle": 0, "axis": "y", "origin": [0, 5.75, 0]},
			"faces": {
				"north": {"uv": [0, 2.5, 6.75, 16], "texture": "#0"},
				"east": {"uv": [6.75, 2.5, 13.5, 16], "texture": "#0"},
				"south": {"uv": [13.5, 2.5, 6.75, 16], "texture": "#0"},
				"west": {"uv": [13.5, 2.5, 6.75, 16], "texture": "#0"},
				"up": {"uv": [0, 0, 0, 0], "texture": "#0"},
				"down": {"uv": [0, 0, 0, 0], "texture": "#0"}
			}
		}
	],
	"display": {
		"thirdperson_righthand": {
			"rotation": [90, 0, 0],
			"scale": [2, 2, 2]
		},
		"head": {
			"translation": [0, 4.75, 0],
			"scale": [2, 2, 2]
		}
	},
	"groups": [
		{
			"name": "TARDIS",
			"origin": [0, 5.75, 0],
			"color": 0,
			"children": [
				0,
				{
					"name": "Detailing",
					"origin": [0, 0, 0],
					"color": 0,
					"children": [
						1,
						2,
						3,
						4,
						5,
						6,
						7,
						8,
						{
							"name": "Corners",
							"origin": [22, 10.5, -20],
							"color": 6,
							"children": [9, 10, 11, 12]
						}
					]
				},
				{
					"name": "Top",
					"origin": [0, 0, 0],
					"color": 0,
					"children": [
						13,
						14,
						15,
						16,
						17,
						{
							"name": "Light",
							"origin": [0, 0, 0],
							"color": 0,
							"children": [
								{
									"name": "octagon",
									"origin": [8, 8, 8],
									"color": 0,
									"children": [18, 19, 20, 21]
								},
								{
									"name": "octagon",
									"origin": [8, 8, 8],
									"color": 0,
									"children": [22, 23, 24, 25]
								},
								{
									"name": "octagon",
									"origin": [8, 8, 8],
									"color": 0,
									"children": [26, 27, 28, 29]
								}
							]
						}
					]
				},
				{
					"name": "Corners",
					"origin": [22, 10.5, -20],
					"color": 6,
					"children": [30, 31, 32, 33]
				},
				34
			]
		}
	]
}