{
	"sonic.use": {
		"subtitle": "Sonic Screwdriver",
		"sounds": [
			{
				"name": "tardis:custom/sonic/use",
				"stream": false,
				"preload": true,
				"volume": 0.3
			}]
	},
	"tardis.interior": {
		"sounds": [
			{
				"name": "tardis:custom/tardis/interior",
				"stream": true,
				"preload": true,
				"volume": 0.3
			}
		]
	},
	"tardis.travel": {
		"subtitle": "Tardis Materialization",
		"sounds": [
			{
				"name": "tardis:custom/tardis/travel",
				"stream": false,
				"preload": true
			}
		]
	},
	"tardis.cloister_bell": {
		"subtitle": "Cloister Bell",
		"sounds": [
			{
				"name": "tardis:custom/tardis/cloister_bell",
				"stream": false,
				"preload": true
			}
		]
	}
}
